{
	"criteria": {
		"requirement": {
			"trigger": "minecraft:any_block_use",
			"conditions": {
				"player": [
					{
						"condition": "minecraft:entity_properties",
						"entity": "this",
						"predicate": {
							"type": "minecraft:player",
							"type_specific": {
								"type": "player"
							},
							"equipment": {
								"mainhand": {
									"items": [
									  "minecraft:carrot_on_a_stick"
									],
									"components": {
										"minecraft:custom_data": {
										  "tag": [
											  "gun"
											]
										}
									  }
								  },
								"offhand": {
									"items": [
										"minecraft:popped_chorus_fruit"
									]
								}
							}
						}
					}
				],
				"location": [
					{
						"condition": "minecraft:match_tool",
						"predicate": {
							"items": [
								"minecraft:carrot_on_a_stick"
							]
						}
					},
					{
						"condition": "minecraft:location_check",
						"predicate": {
							"structures": "cultepack:end_forge",
							"block": {
								"blocks": [
									"minecraft:smithing_table"
								]
							}
						}
					}
				]
			}
		}
	},
	"rewards": {
		"function": "cultepack:weapons/effect/cristal_predic"
	}
}
