{
	"display": {
		"icon": {
			"id": "minecraft:netherite_chestplate"
		},
		"title": "§2Armure Démoniaque",
		"description": "§aArmure démoniaque complète",
		"background": "minecraft:textures/block/end_portal_frame.png",
		"frame": "challenge",
		"show_toast": true,
		"announce_to_chat": true,
		"hidden": false
	},
	"parent": "cultepack:visible_10_stuff_1",
	"criteria": {
		"re": {
			"trigger": "minecraft:inventory_changed",
			"conditions": {
				"player": {
					"type": "minecraft:player",
					"type_specific": {
						"type": "player"
					},
					"equipment": {
						"head": {
							"components": {
								"minecraft:custom_data": {
									"Tags": [
										"cultestuff"
									  ]
								}
							  }
						},
						"chest": {
							"components": {
								"minecraft:custom_data": {
									"Tags": [
										"cultestuff"
									  ]
								}
							  }
						},
						"legs": {
							"components": {
								"minecraft:custom_data": {
									"Tags": [
										"cultestuff"
									  ]
								}
							  }
						},
						"feet": {
							"components": {
								"minecraft:custom_data": {
									"Tags": [
										"cultestuff"
									  ]
								}
							  }
						}
					}
				}
			}
		}
	},
	"rewards": {
		"function": "cultepack:events/effectdebloque"
	}
}
