{
	"display": {
		"icon": {
			"id": "crying_obsidian"
		},
		"title": "§5Le Château",
		"description": "§dIl est impossible à envahir",
		"background": "minecraft:textures/block/end_portal_frame.png",
		"frame": "task",
		"show_toast": true,
		"announce_to_chat": true,
		"hidden": false
	},
	"parent": "cultepack:visible_13_bastion_visite",
	"criteria": {
		"requirement": {
			"trigger": "minecraft:location",
			"conditions": {
				"player": {
					"type": "player",
					"type_specific": {
						"type": "player"
					},
					"location": {
						"structures": "cultepack:donjon_end_castle"
					}
				}
			}
		}
	}
}
