{
	"display": {
		"icon": {
			"id": "minecraft:polished_blackstone"
		},
		"title": "§5Bastion de feu",
		"description": "§dComme le nether, en pire",
		"background": "minecraft:textures/block/end_portal_frame.png",
		"frame": "challenge",
		"show_toast": true,
		"announce_to_chat": true,
		"hidden": false
	},
	"parent": "cultepack:visible_8_donjon_ocean_1_visite",
	"criteria": {
		"requirement": {
			"trigger": "minecraft:location",
			"conditions": {
				"player": {
					"type": "player",
					"type_specific": {
						"type": "player"
					},
					"location": {
						"structures": "cultepack:donjon_bastion"
					}
				}
			}
		}
	}
}
