{
	"display": {
		"icon": {
			"id": "minecraft:nether_star"
		},
		"title": "§3Les bases",
		"description": "§bTu as découvert les deux zones sans danger",
		"background": "minecraft:textures/block/end_portal_frame.png",
		"frame": "goal",
		"show_toast": true,
		"announce_to_chat": true,
		"hidden": false
	},
	"parent": "cultepack:visible_3_forge_visite",
	"criteria": {
		"requirement": {
			"trigger": "minecraft:location",
			"conditions": {
				"player": {
					"type": "minecraft:player",
					"type_specific": {
						"type": "player",
						"advancements": {
							"cultepack:visible_2_autel_visite": true,
							"cultepack:visible_3_forge_visite": true
						}
					},
					"location": {
						"dimension": "cultepack:culte"
					}
				}
			}
		}
	},
	"rewards": {
		"function": "cultepack:chapeaux/les_bases"
	}
}
