{
	"display": {
		"icon": {
			"id": "minecraft:player_head",
			"components": {
				
				"minecraft:custom_name": "{\"text\":\"Illusioner\"}",
				"minecraft:profile": {
				  "id": [
					-962516525,
   			  		 1730102517,
    				  -1928593818,
    				  -65183949
				  ],
				  "properties": [
					{
					  "name": "textures",
					  "value": "eyJ0ZXh0dXJlcyI6eyJTS0lOIjp7InVybCI6Imh0dHA6Ly90ZXh0dXJlcy5taW5lY3JhZnQubmV0L3RleHR1cmUvN2U5NTE1M2VjMjMyODRiMjgzZjAwZDE5ZDI5NzU2ZjI0NDMxM2EwNjFiNzBhYzAzYjk3ZDIzNmVlNTdiZDk4MiJ9fX0="
					}
				  ]
				}
			  

		  }	
		},
		"title": "§4Gros Pigeon",
		"description": "§cTuer Gros Pigeon",
		"background": "minecraft:textures/block/end_portal_frame.png",
		"frame": "challenge",
		"show_toast": true,
		"announce_to_chat": true,
		"hidden": false
	},
	"parent": "cultepack:visible_1_entrer",
	"criteria": {
		"re": {
			"trigger": "minecraft:player_killed_entity",
			"conditions": {
				"entity": {
					"nbt": "{Tags:[gros_pigeon_2]}"
				}
			}
		}
	},
	"rewards": {
		"function": "cultepack:chapeaux/boss_1"
	}
}
