{
	"type": "minecraft:chest",
	"pools": [
		{
			"rolls": {
			  "min": 1,
			  "max": 1
			},
			"entries": [
			  {
				"weight" : 1,
				"type": "minecraft:loot_table",
				"value": "cultepack:entities/map"
			  },
			  {
				"weight" : 6,
				"type": "minecraft:loot_table",
				"value": "cultepack:entities/vide"
			  }
			]
		  },
		{
			"rolls": 3,
			"entries": [
				{
					"type": "minecraft:item",
					"weight": 2,
					"name": "minecraft:wither_skeleton_skull",
					"functions": [
						{
							"function": "minecraft:set_count",
							"count": {
								"min": 1,
								"max": 2
							}
						}
					]
				},
				{
					"type": "minecraft:item",
					"weight": 2,
					"name": "minecraft:diamond",
					"functions": [
						{
							"function": "minecraft:set_count",
							"count": {
								"min": 1,
								"max": 2
							}
						}
					]
				},
				{
					"type": "minecraft:item",
					"weight": 2,
					"name": "minecraft:enchanted_book",
					"functions": [
						{
							"function": "minecraft:set_components",
							"components": {
								"minecraft:custom_model_data": 88001,
								"minecraft:lore": [
								  "[{\"text\":\"-Bague\"}]"
								]
							}
						},
							{
							  "function": "minecraft:set_enchantments",
							  "enchantments": {
								"cultepack:jump": 1
							  }
							}
					]
				},
				{
					"type": "minecraft:item",
					"weight": 5,
					"name": "minecraft:blackstone",
					"functions": [
						{
							"function": "minecraft:set_count",
							"count": {
								"min": 10,
								"max": 15
							}
						}
					]
				}
			]
		},
		{
		
			"rolls": {
				"min": 0,
				"max": 2
			},
			"entries": [
				{
					"type": "minecraft:item",
					"weight": 4,
					"name": "minecraft:popped_chorus_fruit",
					"functions": [
						{
							"function": "minecraft:set_components",
							"components":{
								"minecraft:custom_name": "[{\"text\":\"Pierre d'Invocation ★\",\"italic\":false,\"color\":\"gold\"}]",
								"minecraft:lore": [
								  "[{\"text\":\"Contient une âme\",\"italic\":false}]",
								  "[{\"text\":\"\",\"italic\":false}]",
								  "[{\"text\":\"Utilisée à un Autel\",\"italic\":true,\"color\":\"dark_gray\"}]",
								  "[{\"text\":\"sacrificiel, libère un\",\"italic\":true,\"color\":\"dark_gray\"}]",
								  "[{\"text\":\"puissant boss au niveau\",\"italic\":true,\"color\":\"dark_gray\"}]",
								  "[{\"text\":\"de la pierre\",\"italic\":true,\"color\":\"dark_gray\"}]"
								],
								"minecraft:custom_model_data": 77701,
								"minecraft:custom_data": {
								  "Tags": [
									"pierre_invoc_1"
								  ]
								}
							  }
						}
					]
				},
				{
					"type": "minecraft:item",
					"weight": 2,
					"name": "minecraft:enchanted_book",
					"functions": [
						{
							"function": "minecraft:set_components",
							"components": {
								"minecraft:custom_model_data": 88001,
								"minecraft:lore": [
								  "[{\"text\":\"-Bague\"}]"
								]
							}
						},
							{
							  "function": "minecraft:set_enchantments",
							  "enchantments": {
								"cultepack:speed": 1
							  }
							}
					]
				}
			]
		}
	]
}
