{
    "description": "Flèche de Foudre",
    "supported_items": "minecraft:bow",
    "weight": 1,
    "max_level": 1,
    "min_cost": {
      "base": 0,
      "per_level_above_first": 0
    },
    "max_cost": {
      "base": 0,
      "per_level_above_first": 0
    },
    "anvil_cost": 0,
    "slots": [
      "mainhand"
    ],
    "effects": {
      "minecraft:post_attack": [
        {
          "enchanted": "attacker",
          "affected": "victim",
          "effect": {
            "type": "minecraft:summon_entity",
            "entity": "minecraft:lightning_bolt"
          }
        }
      ]
    }
  }
  