{
	"type": "minecraft:jigsaw",
	"biomes": [
			   "cultepack:bois_calme"
],
	"step": "surface_structures",
	"spawn_overrides": {},
	"terrain_adaptation": "beard_thin",
	"start_pool": "cultepack:donjon_bunker",
	"size": 6,
	"start_height": {
		"type": "minecraft:uniform",
		"min_inclusive": {
			"absolute": -16
		},
		"max_inclusive": {
			"absolute": -16
		}
	},
	"project_start_to_heightmap": "WORLD_SURFACE_WG",
	"max_distance_from_center": 80,
	"use_expansion_hack": false
}
