{
	"type": "minecraft:entity",
	"pools": [
		{
			"rolls": 1,
			"entries": [
				{
					"type": "minecraft:item",
					"name": "minecraft:popped_chorus_fruit",
					"functions": [
						{
							"function": "minecraft:set_components",
							"components":{
								"minecraft:custom_name": "[{\"text\":\"Bague de Feu\",\"italic\":false,\"color\":\"blue\"}]",
								"minecraft:lore": [
								  "[{\"text\":\"Cosmétique\",\"color\":\"yellow\"}]"
								],
								"minecraft:custom_model_data": 77714,
								"minecraft:custom_data": {
								  "Tags": [
									"bague_feu"
								  ]
								}
							  }
						}
					]
				}
			]
		},
		{
			"rolls": 1,
			"entries": [
				{
					"type": "minecraft:item",
					"name": "minecraft:popped_chorus_fruit",
					"functions": [
						{
							"function": "minecraft:set_components",
							"components":{
								"minecraft:custom_name": "[{\"text\":\"Bague de Richesse\",\"italic\":false,\"color\":\"blue\"}]",
								"minecraft:lore": [
								  "[{\"text\":\"Cosmétique\",\"color\":\"yellow\"}]"
								],
								"minecraft:custom_model_data": 77715,
								"minecraft:custom_data": {
								  "Tags": [
									"bague_riche"
								  ]
								}
							  }
						}
					]
				}
			]
		}
	]
}
