{
	"temperature": 0.4,
	"downfall": 0.2,
	"has_precipitation": true,
	"effects": {
		"sky_color": 15662848,
		"fog_color": 11315232,
		"water_color": 57855,
		"water_fog_color": 5767147,
		"grass_color": 3064070,
		"foliage_color": 327424,
		

		"particle": {
		  "options": {
			"type": "minecraft:spore_blossom_air"
		  },
		  "probability": 0.0005
		}
	  },
	"spawners": {
		
		"monster": [
			{
				"type": "minecraft:zombie",
				"weight": 3,
				"minCount": 10,
				"maxCount": 30
			}
		],
		"underground_water_creature": [
		  {
			"type": "minecraft:glow_squid",
			"weight": 10,
			"minCount": 4,
			"maxCount": 6
		  }
		]
	},
	"spawn_costs": {},
	"carvers": [],
	"features": [
		["minecraft:spring_water",

		"cultepack:lac",
		"minecraft:sea_pickle"
		],
		[],
		["cultepack:ile_arbre_2"],
		[],
		["cultepack:ile_arbre"],
		["minecraft:sea_pickle"],
		["cultepack:mutant_stone_arbre"],
		[
		"flower_flower_forest",
		"flower_forest_flowers",
		"patch_grass_jungle",
		"minecraft:sea_pickle"
		],
		[
		"minecraft:lush_caves_ceiling_vegetation",
		"minecraft:sea_pickle",
        "minecraft:seagrass_river"
		],
		["cultepack:ile_arbre_3",
		"minecraft:sea_pickle"],
		["cultepack:bedrock"]
	]
}
