{
  "type": "minecraft:tree",
  "config": {
    "ignore_vines": true,
    "force_dirt": false,
    "minimum_size": {
      "type": "minecraft:two_layers_feature_size"
    },
    "dirt_provider": {
      "type": "minecraft:simple_state_provider",
      "state": {
        "Name": "minecraft:grass_block"
      }
    },
    "trunk_provider": {
      "type": "minecraft:simple_state_provider",
      "state": {
        "Name": "minecraft:bamboo_block"
      }
    },
    "foliage_provider": {
      "type": "minecraft:simple_state_provider",
      "state": {
        "Name": "minecraft:jungle_leaves"
      }
    },
    "trunk_placer": {
      "type": "minecraft:upwards_branching_trunk_placer",
      "base_height": 10,
      "height_rand_a": 8,
      "height_rand_b": 5,
      "extra_branch_steps": {
        "type": "minecraft:uniform",
        "min_inclusive": 3,
        "max_inclusive": 5
      },
      "extra_branch_length": {
        "type": "minecraft:uniform",
        "min_inclusive": 3,
        "max_inclusive": 5
      },
      "place_branch_per_log_probability": 0.5,
      "can_grow_through": "minecraft:air"
    },
    "foliage_placer": {
      "type": "minecraft:acacia_foliage_placer",
      "radius": 1,
      "offset": 0
    },
    "decorators": []
  }
}
