{
	"type": "minecraft:tree",
	"config": {
		"force_dirt": false,
		"minimum_size": {
			"type": "minecraft:two_layers_feature_size"
		},
		"dirt_provider": {
			"type": "minecraft:simple_state_provider",
			"state": {
				"Name": "minecraft:dirt"
			}
		},
		"trunk_provider": {
			"type": "minecraft:simple_state_provider",
			"state": {
				"Name": "minecraft:stripped_bamboo_block",
				"Properties": {
					"axis": "y"
				}
			}
		},
		"foliage_provider": {
			"type": "minecraft:simple_state_provider",
			"state": {
				"Name": "minecraft:jungle_leaves",
				"Properties": {
					"persistent": "true",
					"waterlogged": "false",
					"distance": "7"
				}
			}
		},
		"trunk_placer": {
			"type": "minecraft:straight_trunk_placer",
			"base_height": 10,
			"height_rand_a": 13,
			"height_rand_b": 4
		},
		"foliage_placer": {
			"type": "minecraft:jungle_foliage_placer",
			"radius": {
				"type": "minecraft:uniform",
					"min_inclusive": 1,
					"max_inclusive": 2
			},
			"offset": 0,
			"height": 0
		},
		"decorators": []
	}
}
