{
  "type": "minecraft:tree",
  "config": {
    "minimum_size": {
      "type": "minecraft:two_layers_feature_size"
    },
    "dirt_provider": {
      "type": "minecraft:simple_state_provider",
      "state": {
        "Name": "minecraft:rooted_dirt"
      }
    },
    "trunk_provider": {
      "type": "minecraft:simple_state_provider",
      "state": {
        "Name": "minecraft:dark_oak_wood",
        "Properties": {
          "axis": "x"
        }
      }
    },
    "foliage_provider": {
      "type": "minecraft:weighted_state_provider",
      "entries": [
        {
          "weight": 1,
          "data": {
            "Name": "minecraft:spruce_leaves",
            "Properties": {
              "distance": "3",
              "persistent": "true",
              "waterlogged": "false"
            }
          }
        },
        {
          "weight": 1,
          "data": {
            "Name": "minecraft:dark_oak_leaves",
            "Properties": {
              "distance": "3",
              "persistent": "true",
              "waterlogged": "false"
            }
          }
        }
      ]
    },
    "trunk_placer": {
      "type": "minecraft:straight_trunk_placer",
      "base_height": 16,
      "height_rand_a": 10,
      "height_rand_b": 5
    },
    "foliage_placer": {
      "type": "minecraft:pine_foliage_placer",
      "radius": {
        "type": "minecraft:uniform",
          "min_inclusive": 3,
          "max_inclusive": 5
      },
      "offset": {
        "type": "minecraft:uniform",
          "min_inclusive": 0,
          "max_inclusive": 1
      },
      "height": {
        "type": "minecraft:uniform",
          "min_inclusive": 4,
          "max_inclusive": 6
      }
    },
    "decorators": []
  }
}
