{
    "type": "minecraft:random_patch",
    "config": {
      "tries": 96,
      "xz_spread": 10,
      "y_spread": 4,
      "feature": {
        "feature": {
          "type": "minecraft:simple_block",
          "config": {
            "to_place": {
              "type": "minecraft:weighted_state_provider",
              "entries": [
                {
                  "weight": 1,
                  "data": {
                    "Name": "minecraft:medium_amethyst_bud"
                  }
                },
                {
                  "weight": 1,
                  "data": {
                    "Name": "minecraft:amethyst_cluster"
                  }
                },
                {
                  "weight": 1,
                  "data": {
                    "Name": "minecraft:torchflower"
                  }
                },
                {
                  "weight": 1,
                  "data": {
                    "Name": "minecraft:pitcher_plant"
                  }
                }
              ]
            }
          }
        },
        "placement": [
          {
            "type": "minecraft:block_predicate_filter",
            "predicate": {
              "type": "minecraft:all_of",
              "predicates": [
                {
                  "type": "minecraft:matching_blocks",
                  "blocks": "minecraft:air"
                },
                {
                  "type": "minecraft:matching_blocks",
                  "offset": [
                    0,
                    -1,
                    0
                  ],
                  "blocks": "minecraft:grass_block"
                }
              ]
            }
          }
        ]
      }
    }
  }